<?xml version="1.0" encoding="UTF-8"?>
<project-private xmlns="http://www.netbeans.org/ns/project-private/1">
    <editor-bookmarks xmlns="http://www.netbeans.org/ns/editor-bookmarks/2" lastBookmarkId="0"/>
    <open-files xmlns="http://www.netbeans.org/ns/projectui-open-files/2">
        <group>
            <file>file:/G:/JAVA%20ADV%20ASSIGNMENTS/Excercise%20Solutions/Chptr19Ex1_Cart/web/WEB-INF/products.txt</file>
            <file>file:/G:/JAVA%20ADV%20ASSIGNMENTS/Excercise%20Solutions/Chptr19Ex1_Cart/web/META-INF/context.xml</file>
            <file>file:/G:/JAVA%20ADV%20ASSIGNMENTS/Excercise%20Solutions/Chptr19Ex1_Cart/web/WEB-INF/web.xml</file>
        </group>
    </open-files>
</project-private>
